{
  "description": "Data underlying plot_noise_components_vs_omega for two tomography temperatures.",
  "noise_settings": {
    "allow_unconverged_noise": true,
    "max_points": 128000,
    "min_points": 8000,
    "rel_tol": 0.001
  },
  "parameters": {
    "Omega_q_over_2pi_max_Hz": 10.0,
    "Omega_q_over_2pi_min_Hz": 0.01,
    "Omega_q_points": 1280,
    "T_tomo_list_K": [
      0.0001,
      0.001
    ],
    "V_init_h1_h2_h3": [
      0.2,
      1.0,
      10.0
    ],
    "ellipse_omegas_over_2pi_Hz": [
      0.05,
      0.1,
      1.0
    ],
    "init_T_K": 0.0,
    "t_eval_s": 0.0
  },
  "riccati_solver": {
    "T0p001_atol": 1e-09,
    "T0p001_rtol": 1e-06,
    "method": "LSODA",
    "note": "T_tomo=1e-4 K was recomputed with tighter Riccati tolerances; T_tomo=1e-3 K is retained from the previous upload.",
    "updated_T0p0001_atol": 1e-12,
    "updated_T0p0001_rtol": 1e-09
  },
  "source_caches": [
    "Tomography_result/cache/noise_det_vs_omega_cache_det_omega_curve_v1_Oq0p01-10_N1280_T0p0001_t0_Ti0_Vinit0p2-1-10_ell0p05-0p1-1_mp8000-128000_rtol0p001_allow1_ric1em09-1em12.pkl",
    "Tomography_result/cache/noise_det_vs_omega_cache_det_omega_curve_v1_Oq0p01-10_N1280_T0p001_t0_Ti0_Vinit0p2-1-10_ell0p05-0p1-1_mp8000-128000_rtol0p001_allow1.pkl"
  ],
  "source_figures": {
    "T0p0001": "Tomography_result/noise_determinant_vs_omega_T0.0001_t0.pdf",
    "T0p001": "Tomography_result/noise_determinant_vs_omega_T0.001_t0.pdf"
  },
  "source_script": "Tomography_state_fidelity/plot_noise_components_vs_omega.py",
  "summary": {
    "T_0.0001_K": {
      "area_change": {
        "qg": {
          "count": 1280,
          "max": 16.548350767513643,
          "mean": 2.797120442293168,
          "min": 0.017774320691180456
        },
        "sn_qm": {
          "count": 1280,
          "max": 16.548350767513643,
          "mean": 2.797120442293168,
          "min": 0.017774320691180456
        },
        "sn_total": {
          "count": 814,
          "max": 6.446939222744125,
          "mean": 0.9715258289917009,
          "min": -0.9637895621286185
        }
      },
      "common_initial": true,
      "delta_det": {
        "qg": {
          "count": 1280,
          "max": 33.36751334687601,
          "mean": 2.4264371521361032,
          "min": 3.336961944222749e-05
        },
        "sn_qm": {
          "count": 1280,
          "max": 33.36751334687601,
          "mean": 2.4264371521361032,
          "min": 3.336961944222749e-05
        },
        "sn_total": {
          "count": 1280,
          "max": -0.006203159650946957,
          "mean": -27.23163219360266,
          "min": -267.02661049391776
        }
      },
      "distinguishability": {
        "count": 814,
        "max": 0.7628281344814578,
        "mean": 0.13338690917325452,
        "min": 0.01241274727124586
      },
      "distinguishability_init": 0.0,
      "sn_det_shift": {
        "count": 1280,
        "max": -0.35471480240382225,
        "mean": -26.892094828314395,
        "min": -252.48771087245177
      }
    },
    "T_0.001_K": {
      "area_change": {
        "qg": {
          "count": 1280,
          "max": 28.047740197948816,
          "mean": 4.695111735667558,
          "min": 0.06823618589470803
        },
        "sn_qm": {
          "count": 1280,
          "max": 28.047740197948816,
          "mean": 4.695111735667558,
          "min": 0.06823618589470803
        },
        "sn_total": {
          "count": 1280,
          "max": 19.139040199757154,
          "mean": 3.103348009273654,
          "min": 0.02815438241565471
        }
      },
      "common_initial": true,
      "delta_det": {
        "qg": {
          "count": 1280,
          "max": 333.68898466374304,
          "mean": 24.265073690937474,
          "min": 0.00033369621050836624
        },
        "sn_qm": {
          "count": 1280,
          "max": 333.68898466374304,
          "mean": 24.265073690937474,
          "min": 0.00033369621050836624
        },
        "sn_total": {
          "count": 1280,
          "max": 0.0013130494322137532,
          "mean": -14.013246234716245,
          "min": -121.921583777602
        }
      },
      "distinguishability": {
        "count": 1280,
        "max": 0.04418025632449696,
        "mean": 0.015271869984551892,
        "min": 0.00039704297120424226
      },
      "distinguishability_init": 0.0,
      "sn_det_shift": {
        "count": 1280,
        "max": -0.08402711477435654,
        "mean": -40.813669400831806,
        "min": -438.1902704400969
      }
    }
  }
}
