{
  "description": "Data underlying plot_noise_components_vs_omega for two tomography temperatures.",
  "noise_settings": {
    "allow_unconverged_noise": true,
    "max_points": 128000,
    "min_points": 8000,
    "rel_tol": 0.001
  },
  "parameters": {
    "Omega_q_over_2pi_max_Hz": 10.0,
    "Omega_q_over_2pi_min_Hz": 0.01,
    "Omega_q_points": 1280,
    "T_tomo_list_K": [
      0.0001,
      0.001
    ],
    "V_init_h1_h2_h3": [
      0.2,
      1.0,
      10.0
    ],
    "ellipse_omegas_over_2pi_Hz": [
      0.05,
      0.1,
      1.0
    ],
    "init_T_K": 0.0,
    "t_eval_s": 0.0
  },
  "source_caches": [
    "Tomography_result/cache/noise_det_vs_omega_cache_det_omega_curve_v1_Oq0p01-10_N1280_T0p0001_t0_Ti0_Vinit0p2-1-10_ell0p05-0p1-1_mp8000-128000_rtol0p001_allow1.pkl",
    "Tomography_result/cache/noise_det_vs_omega_cache_det_omega_curve_v1_Oq0p01-10_N1280_T0p001_t0_Ti0_Vinit0p2-1-10_ell0p05-0p1-1_mp8000-128000_rtol0p001_allow1.pkl"
  ],
  "source_figures": {
    "T0p0001": "Tomography_result/noise_determinant_vs_omega_T0.0001_t0.pdf",
    "T0p001": "Tomography_result/noise_determinant_vs_omega_T0.001_t0.pdf"
  },
  "source_script": "Tomography_state_fidelity/plot_noise_components_vs_omega.py",
  "summary": {
    "T_0.0001_K": {
      "area_change": {
        "qg": {
          "count": 1280,
          "max": 13.744783751309898,
          "mean": 2.407942173882996,
          "min": 0.017396589993209366
        },
        "sn_qm": {
          "count": 1280,
          "max": 13.744783751309898,
          "mean": 2.407942173882996,
          "min": 0.017396589993209366
        },
        "sn_total": {
          "count": 715,
          "max": 8.826999435192914,
          "mean": 1.034820593640664,
          "min": -0.9551265845875635
        }
      },
      "common_initial": true,
      "delta_det": {
        "qg": {
          "count": 1280,
          "max": 54.63382227120519,
          "mean": 3.1138472043359084,
          "min": 3.336938744847934e-05
        },
        "sn_qm": {
          "count": 1280,
          "max": 54.63382227120519,
          "mean": 3.1138472043359084,
          "min": 3.336938744847934e-05
        },
        "sn_total": {
          "count": 1280,
          "max": -0.005616331534051231,
          "mean": -18.816579600670664,
          "min": -113.1687330350883
        }
      },
      "distinguishability": {
        "count": 715,
        "max": 0.7850099831110736,
        "mean": 0.11428292012620338,
        "min": 0.011509690461006361
      },
      "distinguishability_init": 0.0,
      "sn_det_shift": {
        "count": 1280,
        "max": -0.34388218905005064,
        "mean": -18.890880923127813,
        "min": -120.83872997361057
      }
    },
    "T_0.001_K": {
      "area_change": {
        "qg": {
          "count": 1280,
          "max": 28.047740197948816,
          "mean": 4.695111735667558,
          "min": 0.06823618589470803
        },
        "sn_qm": {
          "count": 1280,
          "max": 28.047740197948816,
          "mean": 4.695111735667558,
          "min": 0.06823618589470803
        },
        "sn_total": {
          "count": 1280,
          "max": 19.139040199757154,
          "mean": 3.103348009273654,
          "min": 0.02815438241565471
        }
      },
      "common_initial": true,
      "delta_det": {
        "qg": {
          "count": 1280,
          "max": 333.68898466374304,
          "mean": 24.265073690937474,
          "min": 0.00033369621050836624
        },
        "sn_qm": {
          "count": 1280,
          "max": 333.68898466374304,
          "mean": 24.265073690937474,
          "min": 0.00033369621050836624
        },
        "sn_total": {
          "count": 1280,
          "max": 0.0013130494322137532,
          "mean": -14.013246234716245,
          "min": -121.921583777602
        }
      },
      "distinguishability": {
        "count": 1280,
        "max": 0.04418025632449696,
        "mean": 0.015271869984551892,
        "min": 0.00039704297120424226
      },
      "distinguishability_init": 0.0,
      "sn_det_shift": {
        "count": 1280,
        "max": -0.08402711477435654,
        "mean": -40.813669400831806,
        "min": -438.1902704400969
      }
    }
  }
}
